{"2010": {"Ruby": 2.0044521247715252, "JavaScript": 0.926047052519966, "CSS": 0.06727095320624696, "PHP": 0.0011857706621043842, "Python": 0.00044188115892947373, "Visual Basic": 0.0003876860651371057, "Perl": 0.00019361815666070072, "ASP": 2.09134594302499e-05}}